type,work_type_length,percent
novel,2010784,0.7628383822902329
short_story,625140,0.23716161770976704
DY,1850606,0.7020710764043273
notDY,785318,0.2979289235956727
