white_percent,upper_percent,male_percent
0.7875965403086638,0.30522389515492476,0.7973561250037461
